{"cameraMode":{"drawMode":0,"name":"Shaded","section":"Shading Mode"},"sceneLighting":false,"audioPlay":false,"sceneViewState":{"showFog":true,"showMaterialUpdate":false,"showSkybox":true,"showFlares":true,"showImageEffects":true,"showParticleSystems":true},"in2DMode":false,"pivot":{"x":-2.4772913455963136,"y":-1.3137502670288087,"z":2.559278964996338},"rotation":{"x":-0.20470650494098664,"y":0.2724420130252838,"z":-0.059440162032842639,"w":-0.9382635951042175},"size":11.925186157226563,"orthographic":false}