{"cameraMode":{"drawMode":0,"name":"Shaded","section":"Shading Mode"},"sceneLighting":false,"audioPlay":false,"sceneViewState":{"showFog":true,"showMaterialUpdate":false,"showSkybox":true,"showFlares":true,"showImageEffects":true,"showParticleSystems":true},"in2DMode":false,"pivot":{"x":-0.032370567321777347,"y":-1.6734607219696046,"z":-0.1920909881591797},"rotation":{"x":0.09122162312269211,"y":-0.9045124650001526,"z":0.24479861557483674,"w":0.337060809135437},"size":10.0,"orthographic":false}